{"cameraMode":{"drawMode":0,"name":"Shaded","section":"Shading Mode"},"sceneLighting":true,"audioPlay":false,"sceneViewState":{"showFog":true,"showMaterialUpdate":false,"showSkybox":true,"showFlares":true,"showImageEffects":true,"showParticleSystems":true},"in2DMode":false,"pivot":{"x":0.03874322772026062,"y":-0.026115085929632188,"z":-0.21952910721302033},"rotation":{"x":0.00001491180773882661,"y":-0.9998087286949158,"z":-0.001190764713101089,"w":-0.01952265202999115},"size":2.5143067836761476,"orthographic":false}